{
  "primary": {
    "n_cases": 60,
    "n_runs": 180,
    "run_acc": [
      1.0,
      0.9791045020783868,
      1.0
    ],
    "mv_acc": [
      1.0,
      0.9398281478579099,
      0.9999999999999999
    ],
    "bal_acc": 1.0,
    "unanimous": 1.0,
    "kappa": 1.0,
    "wkappa": 1.0,
    "cm": [
      [
        20,
        0,
        0
      ],
      [
        0,
        20,
        0
      ],
      [
        0,
        0,
        20
      ]
    ],
    "percat": {
      "1": {
        "tp": 20,
        "fn": 0,
        "fp": 0,
        "tn": 40,
        "sens": [
          1.0,
          0.8388748419471804,
          0.9999999999999999
        ],
        "spec": [
          1.0,
          0.9123783988027134,
          1.0000000000000002
        ],
        "ppv": [
          1.0,
          0.8388748419471804,
          0.9999999999999999
        ]
      },
      "2": {
        "tp": 20,
        "fn": 0,
        "fp": 0,
        "tn": 40,
        "sens": [
          1.0,
          0.8388748419471804,
          0.9999999999999999
        ],
        "spec": [
          1.0,
          0.9123783988027134,
          1.0000000000000002
        ],
        "ppv": [
          1.0,
          0.8388748419471804,
          0.9999999999999999
        ]
      },
      "3": {
        "tp": 20,
        "fn": 0,
        "fp": 0,
        "tn": 40,
        "sens": [
          1.0,
          0.8388748419471804,
          0.9999999999999999
        ],
        "spec": [
          1.0,
          0.9123783988027134,
          1.0000000000000002
        ],
        "ppv": [
          1.0,
          0.8388748419471804,
          0.9999999999999999
        ]
      }
    },
    "under": 0,
    "n_cat3": 20,
    "under_rate": [
      0.0,
      0.0,
      0.1611251580528194
    ],
    "under_runs": 0,
    "over": 0,
    "n_cat1": 20,
    "over_rate": [
      0.0,
      0.0,
      0.1611251580528194
    ],
    "over_runs": 0
  },
  "grayzone": {
    "n_cases": 15,
    "n_runs": 45,
    "run_acc": [
      0.9333333333333333,
      0.8214339803640811,
      0.977067967400749
    ],
    "mv_acc": [
      0.9333333333333333,
      0.7018347012621997,
      0.9881331045067314
    ],
    "bal_acc": 0.9333333333333333,
    "wkappa": 0.8672566371681416,
    "gz_boundary": 11,
    "gz_n": 15,
    "gz_boundary_rate": [
      0.7333333333333333,
      0.48049565944019423,
      0.8910254667430763
    ],
    "pr_boundary": 5,
    "pr_n": 60,
    "pr_boundary_rate": [
      0.08333333333333333,
      0.036120456601730744,
      0.18068942018334413
    ],
    "fisher_or": 30.25,
    "fisher_p": 8.98294126139239e-07,
    "gz_b_runs": [
      0.6888888888888889,
      0.5433519442263318,
      0.804713007363466
    ],
    "pr_b_runs": [
      0.07222222222222222,
      0.0426897400563371,
      0.11963196372104293
    ]
  },
  "ablation": {
    "n_total": 31,
    "n_ok": 31,
    "n_err": 0,
    "asked": 26,
    "asked_rate": [
      0.8387096774193549,
      0.6736564604120674,
      0.9290737555663471
    ],
    "recall_mean": 0.7957096774193549,
    "recall_sd": 0.4007126313247759,
    "n_details": 38,
    "n_covered": 31,
    "detail_cov": [
      0.8157894736842105,
      0.6658114192886859,
      0.9077823481477874
    ],
    "bytype": {
      "category_changing": {
        "n": 16,
        "asked": 14,
        "asked_rate": [
          0.875,
          0.639771727342413,
          0.9650225122567595
        ],
        "recall_mean": 0.75,
        "n_details": 16,
        "n_covered": 12
      },
      "category_defining": {
        "n": 15,
        "asked": 12,
        "asked_rate": [
          0.8,
          0.5481455128483064,
          0.9295245065301845
        ],
        "recall_mean": 0.8444666666666667,
        "n_details": 22,
        "n_covered": 19
      }
    }
  }
}